{
  "SONY": 90.38941508663572,
  "AU": 91.07519125369116,
  "EDR": 92.30754720144874,
  "TSLA": 95.84126622920807
}